<?xml version="1.0" encoding="UTF-8" standalone="yes"?>
<addon id="script.fentastic.helper" name="FENtastic Helper" version="909.6.20a" provider-name="Tikipeter, Ivar Brandt, Zaxxon709">
    <requires>
        <import addon="xbmc.python" version="3.0.0"/>
        <import addon="script.module.requests" version="2.19.1"/>
    </requires>
    <extension point="xbmc.python.library" library="resources/lib/default.py"/>
    <extension point="xbmc.service" library="resources/lib/service.py" start="startup" />
    <extension point="xbmc.addon.metadata">
        <news />
        <platform>all</platform>
        <license>GPL-2.0-only</license>
        <forum />
        <source />
        <description lang="en_GB">FENtastic Helper for the FENtastic Skin.</description>
        <description lang="en_NZ">FENtastic Helper for the FENtastic Skin.</description>
        <description lang="en_US">FENtastic Helper for the FENtastic Skin.</description>
    </extension>
</addon>
