<?xml version="1.0" encoding="UTF-8"?>
<window type="dialog" id="1151">
	<defaultcontrol always="true">9000</defaultcontrol>
	<include>Animation_DialogPopupOpenClose</include>
	<controls>
		<control type="group">
			<centerleft>50%</centerleft>
			<width>600</width>
			<centertop>60%</centertop>
			<height>700</height>
			<include content="DialogBackgroundCommons">
				<param name="width" value="600" />
				<param name="height" value="245" />
				<param name="header_label" value="Search Actors/Actresses" />
				<param name="header_id" value="" />
				<param name="diffusetexture" value="masks/dialog-bg-squareish.png" />
			</include>
			<control type="panel" id="9000">
				<include>ButtonMenuList</include>
				<onback>Dialog.Close(1151)</onback>
				<content>
					<item>
						<label>Actors/Actresses (Movies)</label>
						<onclick>PlayMedia("plugin://plugin.video.umbrella/?action=moviePerson")</onclick>
					</item>
					<item>
						<label>Actors/Actresses (TV Shows)</label>
						<onclick>PlayMedia("plugin://plugin.video.umbrella/?action=tvPerson")</onclick>
					</item>
				</content>
			</control>
		</control>
	</controls>
</window>
