<?xml version="1.0" encoding="UTF-8"?>
<window type="dialog" id="1106">
	<defaultcontrol always="true">9000</defaultcontrol>
	<include>Animation_DialogPopupOpenClose</include>
	<controls>
		<control type="group">
			<centerleft>50%</centerleft>
			<width>600</width>
			<centertop>50%</centertop>
			<height>700</height>
			<include content="DialogBackgroundCommons">
				<param name="width" value="600" />
				<param name="height" value="550" />
				<param name="header_label" value="Maintenance & Tools" />
				<param name="header_id" value="" />
				<param name="diffusetexture" value="masks/dialog-bg-squareish.png" />
			</include>
			<control type="panel" id="9000">
				<include>ButtonMenuList</include>
				<content>
					<item>
						<label>Authorize Services</label>
						<visible>System.HasAddon(plugin.video.fenlight) | System.HasAddon(plugin.video.umbrella) | System.HasAddon(plugin.video.pov) | System.HasAddon(script.module.resolveurl) | System.HasAddon(plugin.video.youtube)</visible>
						<onclick>Dialog.Close(all)</onclick>
						<onclick>ActivateWindow(1111)</onclick>
					</item>
					<item>
						<label>Maintenance</label>
						<onclick>Dialog.Close(all)</onclick>
						<onclick>ActivateWindow(1120)</onclick>
					</item>
					<item>
						<label>Backup & Restore</label>
						<onclick>Dialog.Close(all)</onclick>
						<onclick>ActivateWindow(1125)</onclick>
					</item>
					<item>
    						<label>Pre-Made Configs</label>
    						<visible>[System.HasAddon(plugin.video.themoviedb.helper) | System.HasAddon(plugin.video.fenlight) | System.HasAddon(plugin.video.umbrella) | System.HasAddon(plugin.video.pov) | System.HasAddon(plugin.video.scrubsv2)] + !Skin.HasSetting(Enable.PreMadeConfigs)</visible>
    						<onclick>Dialog.Close(all)</onclick>
    						<onclick>RunScript(script.fentastic.helper,mode=pre_config)</onclick>
					</item>
					<item>
						<label>Video Cache Config</label>
						<onclick>Dialog.Close(all)</onclick>
						<onclick>RunScript(script.fentastic.helper,mode=advanced_set)</onclick>
					</item>
				</content>
			</control>
		</control>
	</controls>
</window>
