<?xml version="1.0" encoding="UTF-8"?>
<includes>
    <include name="Custom2Widgets">
        <include content="WidgetListBigPoster">
            <param name="content_path" value="plugin://plugin.video.fenlight/?mode=build_movie_list&amp;action=tmdb_movies_genres&amp;key_id=16&amp;name=Animation&amp;iconImage=C%3A%5CUsers%5Cmarkd%5CAppData%5CRoaming%5CKodi%5Caddons%5Cplugin.video.fenlight%5Cresources%5Cmedia%5Cicons%5Cgenres.png"/>
            <param name="widget_header" value="Animation Movies"/>
            <param name="widget_target" value="videos"/>
            <param name="list_id" value="24011"/>
        </include>
        <include content="WidgetListBigPoster">
            <param name="content_path" value="plugin://plugin.video.fenlight/?mode=build_tvshow_list&amp;action=tmdb_tv_genres&amp;key_id=16&amp;name=Animation&amp;iconImage=C%3A%5CUsers%5Cmarkd%5CAppData%5CRoaming%5CKodi%5Caddons%5Cplugin.video.fenlight%5Cresources%5Cmedia%5Cicons%5Cgenres.png"/>
            <param name="widget_header" value="Animation Series"/>
            <param name="widget_target" value="videos"/>
            <param name="list_id" value="24012"/>
        </include>
    </include>
</includes>