<?xml version="1.0" encoding="UTF-8"?>
<includes>
    <include name="Custom3MainMenu">
        <item>
            <label>Anime</label>
            <onclick>ActivateWindow(Videos,plugin://plugin.video.umbrella/?action=anime_Navigator&amp;folderName=Anime,return)</onclick>
            <property name="menu_id">$NUMBER[25000]</property>
            <thumb>special://skin/extras/icons/Genres/anime.png</thumb>
            <property name="id">custom3</property>
            <visible>Skin.HasSetting(HomeMenuNoCustom3Button)</visible>
        </item>
    </include>
</includes>