<?xml version="1.0" encoding="UTF-8"?>
<includes>
    <include name="Custom2MainMenu">
        <item>
            <label>Animation</label>
            <onclick>ActivateWindow(Videos,plugin://plugin.video.fenlight/?mode=build_movie_list&amp;action=tmdb_movies_genres&amp;key_id=16&amp;name=Animation&amp;iconImage=C%3A%5CUsers%5Cmarkd%5CAppData%5CRoaming%5CKodi%5Caddons%5Cplugin.video.fenlight%5Cresources%5Cmedia%5Cicons%5Cgenres.png,return)</onclick>
            <property name="menu_id">$NUMBER[24000]</property>
            <thumb>special://skin/extras/icons/Genres/animation.png</thumb>
            <property name="id">custom2</property>
            <visible>Skin.HasSetting(HomeMenuNoCustom2Button)</visible>
        </item>
    </include>
</includes>