<?xml version="1.0" encoding="UTF-8"?>
<includes>
    <include name="Custom4Widgets">
        <include content="WidgetListBigPoster">
            <param name="content_path" value="plugin://plugin.video.umbrella/?action=collections&amp;url=https%3A%2F%2Fapi.themoviedb.org%2F4%2Flist%2F7102955%3Fapi_key%3Dedde6b5e41246ab79a2697cd125e1781%26sort_by%3Dprimary_release_date.desc%26page%3D1&amp;folderName=Based on a True Story"/>
            <param name="widget_header" value="Based on a True Story"/>
            <param name="widget_target" value="videos"/>
            <param name="list_id" value="26011"/>
        </include>
        <include content="WidgetListBigPoster">
            <param name="content_path" value="plugin://plugin.video.pov/?name=32463&amp;iconImage=most_voted.png&amp;mode=build_movie_list&amp;action=tmdb_movies_blockbusters"/>
            <param name="widget_header" value="Blockbusters"/>
            <param name="widget_target" value="videos"/>
            <param name="list_id" value="26012"/>
        </include>
        <include content="WidgetListBigPoster">
            <param name="content_path" value="plugin://plugin.video.pov/?name=32468&amp;iconImage=oscar_winners.png&amp;mode=build_movie_list&amp;action=imdb_movies_oscar_winners"/>
            <param name="widget_header" value="Oscar Winners"/>
            <param name="widget_target" value="videos"/>
            <param name="list_id" value="26013"/>
        </include>
    </include>
</includes>