<?xml version="1.0" encoding="UTF-8"?>
<includes>
    <include name="Custom5MainMenu">
        <item>
            <label>Trakt</label>
            <onclick>ActivateWindow(Videos,plugin://plugin.video.themoviedb.helper/?info=dir_trakt&amp;tmdb_type=None,return)</onclick>
            <property name="menu_id">$NUMBER[27000]</property>
            <thumb>special://skin/extras/icons/trakttv.png</thumb>
            <property name="id">custom5</property>
            <visible>Skin.HasSetting(HomeMenuNoCustom5Button)</visible>
        </item>
    </include>
</includes>