<?xml version="1.0" encoding="UTF-8"?>
<includes>
    <include name="Custom4MainMenu">
        <item>
            <label>Collections</label>
            <onclick>ActivateWindow(Videos,plugin://plugin.video.umbrella/?action=collections_Navigator&amp;folderName=Collections,return)</onclick>
            <property name="menu_id">$NUMBER[26000]</property>
            <thumb>special://skin/extras/icons/sets.png</thumb>
            <property name="id">custom4</property>
            <visible>Skin.HasSetting(HomeMenuNoCustom4Button)</visible>
        </item>
    </include>
</includes>