<?xml version="1.0" encoding="UTF-8"?>
<includes>
    <include name="Custom3Widgets">
        <include content="WidgetListCategory">
            <param name="content_path" value="plugin://plugin.video.pov/?name=Series+Calendar&amp;iconImage=trakt.png&amp;mode=build_anime_calendar"/>
            <param name="widget_header" value="Series Calendar"/>
            <param name="widget_target" value="videos"/>
            <param name="list_id" value="25011"/>
        </include>
        <include content="WidgetListBigPoster">
            <param name="content_path" value="plugin://plugin.video.pov/?name=Series+Recent+Released&amp;iconImage=tv.png&amp;mode=build_tvshow_list&amp;action=tmdb_tvanime_premieres"/>
            <param name="widget_header" value="Recent Released Series"/>
            <param name="widget_target" value="videos"/>
            <param name="list_id" value="25012"/>
        </include>
        <include content="WidgetListBigPoster">
            <param name="content_path" value="plugin://plugin.video.pov/?name=Series+Trending&amp;iconImage=tv.png&amp;mode=build_tvshow_list&amp;action=trakt_tvanime_trending"/>
            <param name="widget_header" value="Trending Series"/>
            <param name="widget_target" value="videos"/>
            <param name="list_id" value="25013"/>
        </include>
        <include content="WidgetListBigPoster">
            <param name="content_path" value="plugin://plugin.video.pov/?name=Movies+Recent+Released&amp;iconImage=movies.png&amp;mode=build_movie_list&amp;action=tmdb_moviesanime_latest_releases"/>
            <param name="widget_header" value="Recent Released Movies"/>
            <param name="widget_target" value="videos"/>
            <param name="list_id" value="25014"/>
        </include>
        <include content="WidgetListBigPoster">
            <param name="content_path" value="plugin://plugin.video.pov/?name=Movies+Trending&amp;iconImage=movies.png&amp;mode=build_movie_list&amp;action=trakt_moviesanime_trending"/>
            <param name="widget_header" value="Trending Movies"/>
            <param name="widget_target" value="videos"/>
            <param name="list_id" value="25015"/>
        </include>
    </include>
</includes>