<?xml version="1.0" encoding="UTF-8"?>
<includes>
    <include name="Custom5Widgets">
        <include content="WidgetListBigPoster">
            <param name="content_path" value="plugin://plugin.video.themoviedb.helper/?info=trakt_becauseyouwatched&amp;tmdb_type=movie"/>
            <param name="widget_header" value="Based on Recently Watched Movies"/>
            <param name="widget_target" value="videos"/>
            <param name="list_id" value="27011"/>
        </include>
        <include content="WidgetListBigPoster">
            <param name="content_path" value="plugin://plugin.video.themoviedb.helper/?info=trakt_becauseyouwatched&amp;tmdb_type=tv"/>
            <param name="widget_header" value="Based on Recently Watched TV shows"/>
            <param name="widget_target" value="videos"/>
            <param name="list_id" value="27012"/>
        </include>
    </include>
</includes>