<?xml version="1.0" encoding="UTF-8"?>
<includes>
    <include name="Custom3Widgets">
        <include content="WidgetListBigPoster">
            <param name="content_path" value="special://profile/playlists/video/tonkapug-animation-recent-releases-285f84e7-d67f-43b2-bf54-d30622a13019-movies.xsp"/>
            <param name="widget_header" value="Animation"/>
            <param name="widget_target" value="videos"/>
	    <param name="widget_limit" value="25"/>
            <param name="sortby" value="dateadded"/>
            <param name="sortorder" value="descending"/>
            <param name="list_id" value="25011"/>
        </include>
        <include content="WidgetListBigPoster">
            <param name="content_path" value="special://profile/playlists/video/tonkapug-hallmark-movies-movies.xsp"/>
            <param name="widget_header" value="Hallmark Movies"/>
            <param name="widget_target" value="videos"/>
	    <param name="widget_limit" value="25"/>
            <param name="sortby" value="dateadded"/>
            <param name="sortorder" value="descending"/>
            <param name="list_id" value="25012"/>
        </include>
        <include content="WidgetListBigPoster">
            <param name="content_path" value="special://profile/playlists/video/tonkapug-kids-family-movies-movies.xsp"/>
            <param name="widget_header" value="Kids &amp; Family Movies"/>
            <param name="widget_target" value="videos"/>
	    <param name="widget_limit" value="25"/>
            <param name="sortby" value="dateadded"/>
            <param name="sortorder" value="descending"/>
            <param name="list_id" value="25013"/>
        </include>
        <include content="WidgetListBigPoster">
            <param name="content_path" value="special://profile/playlists/video/tonkapug-kids-family-tv-shows-tvshows.xsp"/>
            <param name="widget_header" value="Kids &amp; Family TV Shows"/>
            <param name="widget_target" value="videos"/>
	    <param name="widget_limit" value="25"/>
            <param name="sortby" value="dateadded"/>
            <param name="sortorder" value="descending"/>
            <param name="list_id" value="25014"/>
        </include>
        <include content="WidgetListBigPoster">
            <param name="content_path" value="special://profile/playlists/video/tonkapug-children-g-rated-releases-movies.xsp"/>
            <param name="widget_header" value="Children G-Rated"/>
            <param name="widget_target" value="videos"/>
	    <param name="widget_limit" value="25"/>
            <param name="sortby" value="dateadded"/>
            <param name="sortorder" value="descending"/>
            <param name="list_id" value="25015"/>
        </include>
    </include>
</includes>