<?xml version="1.0" encoding="UTF-8"?>
<includes>
    <include name="MovieWidgets">
        <include content="WidgetListCategory">
            <param name="content_path" value="videodb://movies/genres/"/>
            <param name="widget_header" value="Genres"/>
            <param name="widget_target" value="videos"/>
            <param name="list_id" value="19011"/>
        </include>
        <include content="WidgetListBigPoster">
            <param name="content_path" value="special://profile/playlists/video/tonkapug-weekend-box-office-movies.xsp"/>
            <param name="widget_header" value="Weekend Box Office"/>
            <param name="widget_target" value="videos"/>
	    <param name="widget_limit" value="25"/>
            <param name="sortby" value="dateadded"/>
            <param name="sortorder" value="descending"/>
            <param name="list_id" value="19012"/>
        </include>
        <include content="WidgetListBigPoster">
            <param name="content_path" value="special://profile/playlists/video/tonkapug-tmdb-trending-movies-movies.xsp"/>
            <param name="widget_header" value="Trending"/>
            <param name="widget_target" value="videos"/>
	    <param name="widget_limit" value="25"/>
            <param name="sortby" value="dateadded"/>
            <param name="sortorder" value="descending"/>
            <param name="list_id" value="19013"/>
        </include>
        <include content="WidgetListBigPoster">
            <param name="content_path" value="special://profile/playlists/video/tonkapug-top-25-recommended-movies-of-the-week-movies.xsp"/>
            <param name="widget_header" value="Recommended"/>
            <param name="widget_target" value="videos"/>
	    <param name="widget_limit" value="25"/>
            <param name="sortby" value="dateadded"/>
            <param name="sortorder" value="descending"/>
            <param name="list_id" value="19014"/>
        </include>
        <include content="WidgetListBigPoster">
            <param name="content_path" value="special://profile/playlists/video/tonkapug-4k-releases-in-the-last-365-days-movies.xsp"/>
            <param name="widget_header" value="4K Releases"/>
            <param name="widget_target" value="videos"/>
	    <param name="widget_limit" value="25"/>
            <param name="sortby" value="dateadded"/>
            <param name="sortorder" value="descending"/>
            <param name="list_id" value="19015"/>
        </include>
        <include content="WidgetListBigPoster">
            <param name="content_path" value="special://profile/playlists/video/movies_random.xsp"/>
            <param name="widget_header" value="Random Movies"/>
            <param name="widget_target" value="videos"/>
	    <param name="widget_limit" value="25"/>
            <param name="list_id" value="19016"/>
        </include>
    </include>
</includes>