<?xml version="1.0" encoding="UTF-8"?>
<includes>
    <include name="MoviesMainMenu">
        <item>
            <label>Movies</label>
            <onclick>ActivateWindow(10001,plugin://plugin.program.autowidget/?group=tmdb_movies-1694350414.7146273&mode=group&refresh&reload,return)</onclick>
            <property name="menu_id">$NUMBER[19000]</property>
            <thumb>icons/sidemenu/menu_movies.png</thumb>
            <property name="id">movies</property>
            <visible>!Skin.HasSetting(HomeMenuNoMovieButton)</visible>
        </item>
    </include>
</includes>