<?xml version="1.0" encoding="UTF-8"?>
<includes>
    <include name="Custom4Widgets">
        <include content="WidgetListCategory">
            <param name="content_path" value="plugin://plugin.program.autowidget/?group=trakt_movies-1694351264.859229&mode=group&refresh&reload"/>
            <param name="widget_header" value="Movies"/>
            <param name="widget_target" value="videos"/>
            <param name="list_id" value="26011"/>
        </include>
        <include content="WidgetListBigPoster">
            <param name="content_path" value="plugin://plugin.video.themoviedb.helper/?info=trakt_becauseyouwatched&amp;tmdb_type=movie"/>
            <param name="widget_header" value="Based on Recently Watched Movies"/>
            <param name="widget_target" value="videos"/>
	    <param name="widget_limit" value="25"/>
            <param name="sortby" value="dateadded"/>
            <param name="sortorder" value="descending"/>
            <param name="list_id" value="26012"/>
        </include>
        <include content="WidgetListCategory">
            <param name="content_path" value="plugin://plugin.program.autowidget/?group=trakt_tv_shows-1694351392.236146&mode=group&refresh&reload"/>
            <param name="widget_header" value="TV Shows"/>
            <param name="widget_target" value="videos"/>
            <param name="list_id" value="26013"/>
        </include>
        <include content="WidgetListBigPoster">
            <param name="content_path" value="plugin://plugin.video.themoviedb.helper/?info=trakt_becauseyouwatched&amp;tmdb_type=tv"/>
            <param name="widget_header" value="Based on Recently Watched TV Shows"/>
            <param name="widget_target" value="videos"/>
	    <param name="widget_limit" value="25"/>
            <param name="sortby" value="dateadded"/>
            <param name="sortorder" value="descending"/>
            <param name="list_id" value="26014"/>
        </include>
    </include>
</includes>