<?xml version="1.0" encoding="UTF-8"?>
<includes>
    <include name="Custom2Widgets">
        <include content="WidgetListCategoryStacked">
            <param name="content_path" value="library://video/doc_movies/"/>
            <param name="widget_header" value="Movies"/>
            <param name="widget_target" value="videos"/>
            <param name="list_id" value="24011"/>
        </include>
        <include content="WidgetListBigPosterStacked">
            <param name="content_path" value="$INFO[Window(Home).Property(fentastic.24011.path)]"/>
            <param name="widget_header" value="$INFO[Window(Home).Property(fentastic.24011.label)]"/>
            <param name="widget_target" value="videos"/>
	    <param name="widget_limit" value="10"/>
            <param name="sortby" value="dateadded"/>
            <param name="sortorder" value="descending"/>
            <param name="list_id" value="240111"/>
        </include>
        <include content="WidgetListCategoryStacked">
            <param name="content_path" value="library://video/doc_tv/"/>
            <param name="widget_header" value="TV Shows"/>
            <param name="widget_target" value="videos"/>
            <param name="list_id" value="24012"/>
        </include>
        <include content="WidgetListBigPosterStacked">
            <param name="content_path" value="$INFO[Window(Home).Property(fentastic.24012.path)]"/>
            <param name="widget_header" value="$INFO[Window(Home).Property(fentastic.24012.label)]"/>
            <param name="widget_target" value="videos"/>
	    <param name="widget_limit" value="10"/>
            <param name="sortby" value="dateadded"/>
            <param name="sortorder" value="descending"/>
            <param name="list_id" value="240121"/>
        </include>
    </include>
</includes>