<?xml version="1.0" encoding="UTF-8"?>
<includes>
    <include name="Custom2MainMenu">
        <item>
            <label>Documentary</label>
            <onclick>ActivateWindow(10001,plugin://plugin.program.autowidget/?group=documentary-1694350654.69526&mode=group&refresh&reload,return)</onclick>
            <property name="menu_id">$NUMBER[24000]</property>
            <thumb>icons/sidemenu/menu_world.png</thumb>
            <property name="id">custom2</property>
            <visible>Skin.HasSetting(HomeMenuNoCustom2Button)</visible>
        </item>
    </include>
</includes>