<?xml version="1.0" encoding="UTF-8"?>
<includes>
    <include name="TVShowWidgets">
        <include content="WidgetListCategory">
            <param name="content_path" value="videodb://tvshows/genres/"/>
            <param name="widget_header" value="Genres"/>
            <param name="widget_target" value="videos"/>
            <param name="list_id" value="22011"/>
        </include>
        <include content="WidgetListBigPoster">
            <param name="content_path" value="special://profile/playlists/video/tonkapug-tv-premieres-in-the-last-30-days-tvshows.xsp"/>
            <param name="widget_header" value="Top Premieres in the Last 30 Days"/>
            <param name="widget_target" value="videos"/>
	    <param name="widget_limit" value="25"/>
            <param name="sortby" value="dateadded"/>
            <param name="sortorder" value="descending"/>
            <param name="list_id" value="22012"/>
        </include>
        <include content="WidgetListBigPoster">
            <param name="content_path" value="special://profile/playlists/video/tonkapug-tv-premieres-in-the-last-180-days-tvshows.xsp"/>
            <param name="widget_header" value="Top Rated in the Last 180 Days"/>
            <param name="widget_target" value="videos"/>
	    <param name="widget_limit" value="25"/>
            <param name="sortby" value="dateadded"/>
            <param name="sortorder" value="descending"/>
            <param name="list_id" value="22013"/>
        </include>
        <include content="WidgetListBigPoster">
            <param name="content_path" value="special://profile/playlists/video/tonkapug-tmdb-trending-tv-tvshows.xsp"/>
            <param name="widget_header" value="Trending"/>
            <param name="widget_target" value="videos"/>
	    <param name="widget_limit" value="25"/>
            <param name="sortby" value="dateadded"/>
            <param name="sortorder" value="descending"/>
            <param name="list_id" value="22014"/>
        </include>
        <include content="WidgetListBigPoster">
            <param name="content_path" value="special://profile/playlists/video/tonkapug-most-watched-shows-of-the-week-tvshows.xsp"/>
            <param name="widget_header" value="Most Watched This Week"/>
            <param name="widget_target" value="videos"/>
	    <param name="widget_limit" value="25"/>
            <param name="sortby" value="dateadded"/>
            <param name="sortorder" value="descending"/>
            <param name="list_id" value="22015"/>
        </include>
        <include content="WidgetListBigPoster">
            <param name="content_path" value="special://profile/playlists/video/tonkapug-most-watched-shows-of-the-year-tvshows.xsp"/>
            <param name="widget_header" value="Most Watched This Year"/>
            <param name="widget_target" value="videos"/>
	    <param name="widget_limit" value="25"/>
            <param name="sortby" value="dateadded"/>
            <param name="sortorder" value="descending"/>
            <param name="list_id" value="22016"/>
        </include>
        <include content="WidgetListBigPoster">
            <param name="content_path" value="special://profile/playlists/video/tvshows_random.xsp"/>
            <param name="widget_header" value="Random TV Shows"/>
            <param name="widget_target" value="videos"/>
	    <param name="widget_limit" value="25"/>
            <param name="list_id" value="22017"/>
        </include>
    </include>
</includes>