<?xml version="1.0" encoding="UTF-8"?>
<includes>
    <include name="Custom1MainMenu">
        <item>
            <label>Top Providers</label>
            <onclick>ActivateWindow(10001,plugin://plugin.program.autowidget/?group=providers-1694350735.4661026&mode=group&refresh&reload,return)</onclick>
            <property name="menu_id">$NUMBER[23000]</property>
            <thumb>icons/sidemenu/menu_stream.png</thumb>
            <property name="id">custom1</property>
            <visible>Skin.HasSetting(HomeMenuNoCustom1Button)</visible>
        </item>
    </include>
</includes>