<?xml version="1.0" encoding="UTF-8"?>
<includes>
    <include name="Custom3MainMenu">
        <item>
            <label>Kids &amp; Family</label>
            <onclick>ActivateWindow(10001,plugin://plugin.program.autowidget/?group=kids_and_family-1694350552.8670726&mode=group&refresh&reload,return)</onclick>
            <property name="menu_id">$NUMBER[25000]</property>
            <thumb>icons/sidemenu/home.png</thumb>
            <property name="id">custom3</property>
            <visible>Skin.HasSetting(HomeMenuNoCustom3Button)</visible>
        </item>
    </include>
</includes>