<?xml version="1.0" encoding="UTF-8"?>
<includes>
    <include name="Custom1Widgets">
        <include content="WidgetListCategoryStacked">
            <param name="content_path" value="library://video/movie_networks/"/>
            <param name="widget_header" value="Latest Movies On..."/>
            <param name="widget_target" value="videos"/>
            <param name="list_id" value="23011"/>
        </include>
        <include content="WidgetListBigPosterStacked">
            <param name="content_path" value="$INFO[Window(Home).Property(fentastic.23011.path)]"/>
            <param name="widget_header" value="$INFO[Window(Home).Property(fentastic.23011.label)]"/>
            <param name="widget_target" value="videos"/>
	    <param name="widget_limit" value="10"/>
            <param name="sortby" value="dateadded"/>
            <param name="sortorder" value="descending"/>
            <param name="list_id" value="230111"/>
        </include>
        <include content="WidgetListCategoryStacked">
            <param name="content_path" value="library://video/tv_networks/"/>
            <param name="widget_header" value="Latest TV Shows on..."/>
            <param name="widget_target" value="videos"/>
            <param name="list_id" value="23012"/>
        </include>
        <include content="WidgetListBigPosterStacked">
            <param name="content_path" value="$INFO[Window(Home).Property(fentastic.23012.path)]"/>
            <param name="widget_header" value="$INFO[Window(Home).Property(fentastic.23012.label)]"/>
            <param name="widget_target" value="videos"/>
	    <param name="widget_limit" value="10"/>
            <param name="sortby" value="dateadded"/>
            <param name="sortorder" value="descending"/>
            <param name="list_id" value="230121"/>
        </include>
    </include>
</includes>