<?xml version="1.0" encoding="UTF-8"?>
<includes>
    <include name="TVShowsMainMenu">
        <item>
            <label>TV Shows</label>
            <onclick>ActivateWindow(10001,plugin://plugin.program.autowidget/?group=tmdb_tv_shows-1694350434.2833416&mode=group&refresh&reload,return)</onclick>
            <property name="menu_id">$NUMBER[22000]</property>
            <thumb>icons/sidemenu/menu_tv.png</thumb>
            <property name="id">tvshows</property>
            <visible>!Skin.HasSetting(HomeMenuNoTVShowButton)</visible>
        </item>
    </include>
</includes>