<?xml version="1.0" encoding="UTF-8"?>
<includes>
    <include name="Custom4MainMenu">
        <item>
            <label>Trakt</label>
            <onclick>ActivateWindow(10001,plugin://plugin.program.autowidget/?group=trakt_tv_main_menu-1694352839.2585561&mode=group&refresh&reload,return)</onclick>
            <property name="menu_id">$NUMBER[26000]</property>
            <thumb>icons/sidemenu/menu_trakt.png</thumb>
            <property name="id">custom4</property>
            <visible>Skin.HasSetting(HomeMenuNoCustom4Button)</visible>
        </item>
    </include>
</includes>