<?xml version="1.0" encoding="UTF-8"?>
<includes>
    <include name="TVShowWidgets">
        <include content="WidgetListCategory">
            <param name="content_path" value="plugin://plugin.video.scrubsv2/?action=tvshows_tmdb_genres"/>
            <param name="widget_header" value="Genres"/>
            <param name="widget_target" value="videos"/>
            <param name="list_id" value="22011"/>
        </include>
        <include content="WidgetListBigPoster">
            <param name="content_path" value="plugin://plugin.video.scrubsv2/?action=tvshows&amp;url=tmdb_premiere"/>
            <param name="widget_header" value="Premieres"/>
            <param name="widget_target" value="videos"/>
            <param name="list_id" value="22012"/>
        </include>
        <include content="WidgetListBigPoster">
            <param name="content_path" value="plugin://plugin.video.scrubsv2/?action=tvshows&amp;url=tmdb_trending_week"/>
            <param name="widget_header" value="Trending"/>
            <param name="widget_target" value="videos"/>
            <param name="list_id" value="22013"/>
        </include>
    </include>
</includes>