<?xml version="1.0" encoding="UTF-8"?>
<includes>
    <include name="MovieWidgets">
        <include content="WidgetListCategory">
            <param name="content_path" value="plugin://plugin.video.scrubsv2/?action=movies_tmdb_genres"/>
            <param name="widget_header" value="Genres"/>
            <param name="widget_target" value="videos"/>
            <param name="list_id" value="19011"/>
        </include>
        <include content="WidgetListBigPoster">
            <param name="content_path" value="plugin://plugin.video.scrubsv2/?action=movies&amp;url=tmdb_premiere"/>
            <param name="widget_header" value="Premieres"/>
            <param name="widget_target" value="videos"/>
            <param name="list_id" value="19012"/>
        </include>
        <include content="WidgetListBigPoster">
            <param name="content_path" value="plugin://plugin.video.scrubsv2/?action=movies&amp;url=tmdb_trending_week"/>
            <param name="widget_header" value="Trending"/>
            <param name="widget_target" value="videos"/>
            <param name="list_id" value="19013"/>
        </include>
    </include>
</includes>