<?xml version="1.0" encoding="UTF-8"?>
<includes>
    <include name="Custom1Widgets">
        <include content="WidgetListCategory">
            <param name="content_path" value="plugin://plugin.video.umbrella/?action=calendars&amp;folderName=Calendar+%28TVMaze%29"/>
            <param name="widget_header" value="Calendar"/>
            <param name="widget_target" value="videos"/>
            <param name="list_id" value="23011"/>
        </include>
        <include content="WidgetListBigPoster">
            <param name="content_path" value="plugin://plugin.video.umbrella/?action=moviesUnfinished&amp;url=traktunfinished&amp;folderName=Finish+Watching"/>
            <param name="widget_header" value="Finish Watching Movies"/>
            <param name="widget_target" value="videos"/>
            <param name="list_id" value="23012"/>
        </include>
        <include content="WidgetListBigPoster">
            <param name="content_path" value="plugin://plugin.video.umbrella/?action=shows_progress&amp;url=progresstv&amp;folderName=Progress+Shows"/>
            <param name="widget_header" value="In Progress Shows"/>
            <param name="widget_target" value="videos"/>
            <param name="list_id" value="23013"/>
        </include>
        <include content="WidgetListEpisodes">
            <param name="content_path" value="plugin://plugin.video.umbrella/?action=calendar&amp;url=progress&amp;folderName=Progress+Episodes"/>
            <param name="widget_header" value="In Progress Episodes"/>
            <param name="widget_target" value="videos"/>
            <param name="list_id" value="23014"/>
        </include>
    </include>
</includes>