<?xml version="1.0" encoding="UTF-8"?>
<window type="dialog" id="1113">
	<defaultcontrol always="true">9000</defaultcontrol>
	<include>Animation_DialogPopupOpenClose</include>
	<controls>
		<control type="group">
			<centerleft>50%</centerleft>
			<width>600</width>
			<centertop>60%</centertop>
			<height>700</height>
			<include content="DialogBackgroundCommons">
				<param name="width" value="600" />
				<param name="height" value="400" />
				<param name="header_label" value="Real-Debrid" />
				<param name="header_id" value="" />
				<param name="diffusetexture" value="masks/dialog-bg-squareish.png" />
			</include>
			<control type="panel" id="9000">
				<include>ButtonMenuList</include>
				<onback>Dialog.Close(1113)</onback>
				<onback>ActivateWindow(1111)</onback>
				<content>
					<item>
						<label>Fen Light</label>
						<visible>System.HasAddon(plugin.video.fenlight)</visible>
						<onclick>Dialog.Close(all)</onclick>
						<onclick>RunPlugin(plugin://plugin.video.fenlight/?mode=real_debrid.authenticate)</onclick>
					</item>
					<item>
						<label>Gears</label>
						<visible>System.HasAddon(plugin.video.gears)</visible>
						<onclick>Dialog.Close(all)</onclick>
						<onclick>RunPlugin(plugin://plugin.video.gears/?mode=real_debrid.authenticate)</onclick>
					</item>
					<item>
						<label>Umbrella</label>
						<visible>System.HasAddon(plugin.video.umbrella)</visible>
						<onclick>Dialog.Close(all)</onclick>
						<onclick>RunPlugin(plugin://plugin.video.umbrella/?action=rd_Authorize)</onclick>
					</item>
					<item>
						<label>POV</label>
						<visible>System.HasAddon(plugin.video.pov)</visible>
						<onclick>Dialog.Close(all)</onclick>
						<onclick>PlayMedia("plugin://plugin.video.pov/?mode=myservices&amp;name=My+Services&amp;isFolder=false")</onclick>
					</item>
					<item>
						<label>ResolveURL Settings</label>
						<visible>System.HasAddon(script.module.resolveurl)</visible>
						<onclick>Dialog.Close(all)</onclick>
						<onclick>RunScript(script.fentastic.helper,rurl_settings_rd)</onclick>
					</item>
				</content>
			</control>
		</control>
	</controls>
</window>
