<?xml version="1.0" encoding="UTF-8"?>
<window type="dialog" id="1125">
	<defaultcontrol always="true">9000</defaultcontrol>
	<include>Animation_DialogPopupOpenClose</include>
	<controls>
		<control type="group">
			<centerleft>50%</centerleft>
			<width>600</width>
			<centertop>60%</centertop>
			<height>700</height>
			<include content="DialogBackgroundCommons">
				<param name="width" value="600" />
				<param name="height" value="280" />
				<param name="header_label" value="Import & Export Configs" />
				<param name="header_id" value="" />
				<param name="diffusetexture" value="masks/dialog-bg-squareish.png" />
			</include>
			<control type="panel" id="9000">
				<include>ButtonMenuList</include>
				<onback>Dialog.Close(1125)</onback>
				<onback>ActivateWindow(1126)</onback>
				<content>
					<item>
						<label>Import Config</label>
						<onclick>Dialog.Close(all)</onclick>
						<onclick>RunScript(script.fentastic.helper,mode=import_config)</onclick>
					</item>
					<item>
						<label>Export Config</label>
						<onclick>Dialog.Close(all)</onclick>
						<onclick>RunScript(script.fentastic.helper,mode=export_config)</onclick>
					</item>
				</content>
			</control>
		</control>
	</controls>
</window>
