<?xml version="1.0" encoding="UTF-8"?>
<window type="dialog" id="1126">
	<defaultcontrol always="true">9000</defaultcontrol>
	<include>Animation_DialogPopupOpenClose</include>
	<controls>
		<control type="group">
			<centerleft>50%</centerleft>
			<width>600</width>
			<centertop>60%</centertop>
			<height>700</height>
			<include content="DialogBackgroundCommons">
				<param name="width" value="600" />
				<param name="height" value="280" />
				<param name="header_label" value="Manage User Configs" />
				<param name="header_id" value="" />
				<param name="diffusetexture" value="masks/dialog-bg-squareish.png" />
			</include>
			<control type="panel" id="9000">
				<include>ButtonMenuList</include>
				<onback>Dialog.Close(1126)</onback>
				<onback>ActivateWindow(1106)</onback>
				<content>
					<item>
						<label>Backup & Restore Configs</label>
						<onclick>Dialog.Close(all)</onclick>
						<onclick>ActivateWindow(1124)</onclick>
					</item>
					<item>
						<label>Import & Export Configs</label>
						<onclick>Dialog.Close(all)</onclick>
						<onclick>ActivateWindow(1125)</onclick>
					</item>
				</content>
			</control>
		</control>
	</controls>
</window>
