<?xml version="1.0" encoding="UTF-8"?>
<window type="dialog" id="1111">
	<defaultcontrol always="true">9000</defaultcontrol>
	<include>Animation_DialogPopupOpenClose</include>
	<controls>
		<control type="group">
			<centerleft>50%</centerleft>
			<width>600</width>
			<centertop>50%</centertop>
			<height>700</height>
			<include content="DialogBackgroundCommons">
				<param name="width" value="600" />
				<param name="height" value="650" />
				<param name="header_label" value="Authorize Services" />
				<param name="header_id" value="" />
				<param name="diffusetexture" value="masks/dialog-bg-squareish.png" />
			</include>
			<control type="panel" id="9000">
				<include>ButtonMenuList</include>
				<onback>Dialog.Close(1111)</onback>
				<onback>ActivateWindow(1106)</onback>
				<content>
					<item>
						<label>Trakt</label>
						<onclick>Dialog.Close(all)</onclick>
						<onclick>ActivateWindow(1108)</onclick>
					</item>
					<item>
						<label>Real-Debrid</label>
						<onclick>Dialog.Close(all)</onclick>
						<onclick>ActivateWindow(1113)</onclick>
					</item>
					<item>
						<label>Premiumize</label>
						<onclick>Dialog.Close(all)</onclick>
						<onclick>ActivateWindow(1114)</onclick>
					</item>
					<item>
						<label>All-Debrid</label>
						<onclick>Dialog.Close(all)</onclick>
						<onclick>ActivateWindow(1115)</onclick>
					</item>
					<item>
						<label>Set Skin MDbList API Key</label>
						<onclick>RunScript(script.fentastic.helper,mode=set_api_key)</onclick>
					</item>
					<item>
						<label>Set TMDbH MDbList API Key</label>
						<visible>System.HasAddon(plugin.video.themoviedb.helper)</visible>
						<onclick>RunScript(script.fentastic.helper,tmdbh_mdblist_api)</onclick>
					</item>
					<item>
						<label>YouTube Sign-In</label>
						<visible>System.HasAddon(plugin.video.youtube)</visible>
						<onclick>PlayMedia(plugin://plugin.video.youtube/sign/in/,return)</onclick>
					</item>
				</content>
			</control>
		</control>
	</controls>
</window>
