﻿<?xml version="1.0" encoding="UTF-8"?>
<addon id="script.autoruns"
       name="Autoruns"
       version="99.0.4"
       provider-name="fight night, Jon Bovi">
    <requires>
        <import addon="xbmc.python" version="3.0.0"/> 
    </requires>
    <extension point="xbmc.python.pluginsource" library="default.py">
    </extension>
    <extension point="xbmc.service" library="service.py" />
    <extension point="xbmc.addon.metadata">
        <platform>all</platform>
		<source>https://github.com/fightnight/fightnight-addons/tree/master/script.autoruns</source>
		<summary lang="en">Disable startup services on Kodi</summary>
		<summary lang="pt">Desactive serviços do arranque no Kodi</summary>
		<description lang="en">You can disable startup services, improving Kodi internal speed.</description>
		<description lang="pt">Pode desactivar serviços do arranque, melhorando a velocidade interna do Kodi.</description>
		<disclaimer lang="en">Opensource addon not endorsed with Team Kodi.</disclaimer>
		<disclaimer lang="pt">Addon opensource não afliado com a Equipa Kodi.</disclaimer>
		<assets>
				<icon>icon.png</icon>
		</assets>
    </extension>
</addon>