<?xml version="1.0" encoding="UTF-8" standalone="yes"?>
<addon id="script.module.acctvwr" name="[COLOR FF32D3FE][B]Account[/B][/COLOR][COLOR gold] [B]Viewer[/B][/COLOR]" version="1.0.0" provider-name="Zaxxon709">
    <extension point="xbmc.python.pluginsource" library="default.py">
    </extension>
    <extension point="xbmc.python.module" library="resources" />
    <extension point="xbmc.addon.metadata">
        <summary lang="en">View Authorized Accounts</summary>
        <description lang="en">AM Lite Dependency</description>
        <platform>all</platform>
        <reuselanguageinvoker>false</reuselanguageinvoker>
        <source>https://</source>
	<assets>
		<icon>icon.png</icon>
		<fanart>fanart.png</fanart>
	</assets>
    </extension>
</addon>
