<?xml version="1.0" encoding="UTF-8" standalone="yes"?>
<addon id="plugin.program.709wiz" name="[COLOR FF0C5EB4][B]7o9[/B][/COLOR]Wizard" version="100.0.1" provider-name="Slam, Sarge, Funsterbe, BYB">
	<requires>
		<import addon="xbmc.python" version="3.0.0"/>
	</requires>
	<extension point="xbmc.python.pluginsource" library="addon.py">
		<provides>executable</provides>
	</extension>
	<extension point="xbmc.service" library="service.py" />
	<extension point="xbmc.addon.metadata">
	<summary lang="en_GB">7o9's lightweight Wizard</summary>
		<description lang="en_GB">A modified version of Simple Wizard</description>
		<disclaimer lang="en_GB">This Addon contains no content</disclaimer>
		<language>en</language>
		<platform>all</platform>
		<license>GPL-2.0-or-later</license>
		<forum></forum>
		<website></website> 
		<email></email>
		<source></source>
		<news></news>
		<assets>
			<icon>icon.png</icon>
			<fanart>fanart.jpg</fanart>
		</assets>
	</extension>
</addon>