<?xml version="1.0" encoding="UTF-8"?>
<includes>
    <include name="MoviesMainMenu">
        <item>
            <label>Movies</label>
            <onclick>ActivateWindow(Videos,plugin://plugin.video.umbrella/?action=movieNavigator&amp;folderName=Discover+Movies,return)</onclick>
            <property name="menu_id">$NUMBER[19000]</property>
            <thumb>icons/sidemenu/movies.png</thumb>
            <property name="id">movies</property>
            <visible>!Skin.HasSetting(HomeMenuNoMovieButton)</visible>
        </item>
    </include>
</includes>