<?xml version="1.0" encoding="UTF-8"?>
<includes>
    <include name="TVShowWidgets">
        <include content="WidgetListCategory">
            <param name="content_path" value="plugin://plugin.video.themoviedb.helper/?info=genres&amp;tmdb_type=tv"/>
            <param name="widget_header" value="Genres"/>
            <param name="widget_target" value="videos"/>
            <param name="list_id" value="22011"/>
        </include>
        <include content="WidgetListBigPoster">
            <param name="content_path" value="plugin://plugin.video.themoviedb.helper/?info=trending_week&amp;tmdb_type=tv"/>
            <param name="widget_header" value="Trending This Week"/>
            <param name="widget_target" value="videos"/>
            <param name="list_id" value="22012"/>
        </include>
        <include content="WidgetListBigPoster">
            <param name="content_path" value="plugin://plugin.video.themoviedb.helper/?info=trakt_recommendations&amp;tmdb_type=tv"/>
            <param name="widget_header" value="Recommended For You"/>
            <param name="widget_target" value="videos"/>
            <param name="list_id" value="22013"/>
        </include>
        <include content="WidgetListCategory">
            <param name="content_path" value="plugin://plugin.video.themoviedb.helper/?info=watch_providers&amp;tmdb_type=tv"/>
            <param name="widget_header" value="Streaming Services"/>
            <param name="widget_target" value="videos"/>
            <param name="list_id" value="22014"/>
        </include>
    </include>
</includes>