<?xml version="1.0" encoding="UTF-8"?>
<includes>
    <include name="MovieWidgets">
        <include content="WidgetListCategory">
            <param name="content_path" value="plugin://plugin.video.fenlight/?name=Genres&amp;iconImage=genres&amp;mode=navigator.genres&amp;menu_type=movie&amp;random_support=true"/>
            <param name="widget_header" value="Genres"/>
            <param name="widget_target" value="videos"/>
            <param name="list_id" value="19011"/>
        </include>
        <include content="WidgetListBigPoster">
            <param name="content_path" value="plugin://plugin.video.fenlight/?name=Trending&amp;iconImage=trending&amp;mode=build_movie_list&amp;action=trakt_movies_trending&amp;random_support=true"/>
            <param name="widget_header" value="Trending"/>
            <param name="widget_target" value="videos"/>
            <param name="list_id" value="19012"/>
        </include>
        <include content="WidgetListBigPoster">
            <param name="content_path" value="plugin://plugin.video.fenlight/?name=Latest+Releases&amp;iconImage=dvd&amp;mode=build_movie_list&amp;action=tmdb_movies_latest_releases&amp;random_support=true"/>
            <param name="widget_header" value="Latest Releases"/>
            <param name="widget_target" value="videos"/>
            <param name="list_id" value="19013"/>
        </include>
        <include content="WidgetListCategory">
            <param name="content_path" value="plugin://plugin.video.fenlight/?name=Decades&amp;iconImage=calendar_decades&amp;mode=navigator.decades&amp;menu_type=movie&amp;random_support=true"/>
            <param name="widget_header" value="Decades"/>
            <param name="widget_target" value="videos"/>
            <param name="list_id" value="19014"/>
        </include>
    </include>
</includes>