{
    "favourites.xml": {
        "name": "Favourites",
        "setting": "savefavs",
        "path": "user_path"
    },
    "advancedsettings.xml": {
        "name": "Advanced Settings",
        "setting": "saveadvanced",
        "path": "user_path"
    },
    "sources.xml": {
        "name": "Sources",
        "setting": "savesources",
        "path": "user_path"
    },
    "guisettings.xml": {
        "name": "Gui Settings",
        "setting": "savegui",
        "path": "user_path"
    },
    "script.module.debridmgr": {
        "name": "Debrid Manager",
        "setting": "savedata",
        "path": "data_path"
    },
    "plugin.video.fenlight": {
        "name": "Fen Light",
        "setting": "savedata",
        "path": "data_path"
    },
    "plugin.video.imdb.trailers": {
        "name": "IMDb Trailers",
        "setting": "savedata",
        "path": "data_path"
    },
    "plugin.video.youtube": {
        "name": "YouTube",
        "setting": "saveyoutube",
        "path": "data_path"
    }
}