<?xml version="1.0" encoding="UTF-8"?>
<includes>
    <include name="MovieWidgets">
        <include content="WidgetListCategory">
            <param name="content_path" value="plugin://plugin.video.pov/?name=32470&amp;iconImage=genres.png&amp;mode=navigator.genres&amp;menu_type=movie"/>
            <param name="widget_header" value="Genres"/>
            <param name="widget_target" value="videos"/>
            <param name="list_id" value="19011"/>
        </include>
        <include content="WidgetListBigPoster">
            <param name="content_path" value="plugin://plugin.video.pov/?name=32460&amp;iconImage=fresh.png&amp;mode=build_movie_list&amp;action=tmdb_movies_premieres"/>
            <param name="widget_header" value="Premieres"/>
            <param name="widget_target" value="videos"/>
            <param name="list_id" value="19012"/>
        </include>
        <include content="WidgetListBigPoster">
            <param name="content_path" value="plugin://plugin.video.pov/?name=32458&amp;iconImage=trending.png&amp;mode=build_movie_list&amp;action=trakt_movies_trending"/>
            <param name="widget_header" value="Trending"/>
            <param name="widget_target" value="videos"/>
            <param name="list_id" value="19013"/>
        </include>
        <include content="WidgetListCategory">
            <param name="content_path" value="plugin://plugin.video.pov/?name=32472&amp;iconImage=calender.png&amp;mode=navigator.years&amp;menu_type=movie"/>
            <param name="widget_header" value="Years"/>
            <param name="widget_target" value="videos"/>
            <param name="list_id" value="19014"/>
        </include>
    </include>
</includes>