<?xml version="1.0" encoding="UTF-8"?>
<window type="dialog" id="1120">
	<defaultcontrol always="true">9000</defaultcontrol>
	<include>Animation_DialogPopupOpenClose</include>
	<controls>
		<control type="group">
			<centerleft>50%</centerleft>
			<width>600</width>
			<centertop>60%</centertop>
			<height>700</height>
			<include content="DialogBackgroundCommons">
				<param name="width" value="600" />
				<param name="height" value="350" />
				<param name="header_label" value="Maintenance" />
				<param name="header_id" value="" />
				<param name="diffusetexture" value="masks/dialog-bg-squareish.png" />
			</include>
			<control type="panel" id="9000">
				<include>ButtonMenuList</include>
				<onback>Dialog.Close(1120)</onback>
				<onback>ActivateWindow(1106)</onback>
				<content>
					<item>
						<label>Clear Packages</label>
						<onclick>RunScript(script.fentastic.helper,mode=clear_pkgs)</onclick>
					</item>
					<item>
						<label>Clear Thumbnails</label>
						<onclick>RunScript(script.fentastic.helper,mode=clear_thumbnails)</onclick>
					</item>
					<item>
						<label>Clear Add-on Cache</label>
						<onclick>Dialog.Close(all)</onclick>
						<onclick>ActivateWindow(1122)</onclick>
					</item>
				</content>
			</control>
		</control>
	</controls>
</window>
