<?xml version="1.0" encoding="UTF-8"?>
<window type="dialog" id="1122">
	<defaultcontrol always="true">9000</defaultcontrol>
	<include>Animation_DialogPopupOpenClose</include>
	<controls>
		<control type="group">
			<centerleft>50%</centerleft>
			<width>600</width>
			<centertop>60%</centertop>
			<height>700</height>
			<include content="DialogBackgroundCommons">
				<param name="width" value="600" />
				<param name="height" value="415" />
				<param name="header_label" value="Clear Add-on Cache" />
				<param name="header_id" value="" />
				<param name="diffusetexture" value="masks/dialog-bg-squareish.png" />
			</include>
			<control type="panel" id="9000">
				<include>ButtonMenuList</include>
				<onback>Dialog.Close(1122)</onback>
				<onback>ActivateWindow(1120)</onback>
				<content>
					<item>
						<label>Fen Light</label>
						<visible>System.HasAddon(plugin.video.fenlight)</visible>
						<onclick>Dialog.Close(all)</onclick>
						<onclick>ActivateWindow(10025,"plugin://plugin.video.fenlight/?mode=navigator.maintenance",return)</onclick>
					</item>
					<item>
						<label>Umbrella</label>
						<visible>System.HasAddon(plugin.video.umbrella)</visible>
						<onclick>Dialog.Close(all)</onclick>
						<onclick>ActivateWindow(10025,"plugin://plugin.video.umbrella/?action=cache_Navigator&amp;folderName=Cache%20Functions",return)</onclick>
					</item>
					<item>
						<label>POV</label>
						<visible>System.HasAddon(plugin.video.pov)</visible>
						<onclick>Dialog.Close(all)</onclick>
						<onclick>ActivateWindow(10025,"plugin://plugin.video.pov/?mode=navigator.clear_info&amp;name=Clean%20Settings%20Files%20and%20Clear%20Caches",return)</onclick>
					</item>
					<item>
						<label>ResolveURL</label>
						<visible>System.HasAddon(script.module.resolveurl)</visible>
						<onclick>Dialog.Close(all)</onclick>
						<onclick>RunPlugin(plugin://script.module.resolveurl/?mode=reset_cache)</onclick>
					</item>
				</content>
			</control>
		</control>
	</controls>
</window>
