<?xml version="1.0" encoding="UTF-8"?>
<includes>
    <include name="Custom1Widgets">
        <include content="WidgetListBigPoster">
            <param name="content_path" value="special://profile/playlists/video/tonkapug-latest-netflix-movies-movies.xsp"/>
            <param name="widget_header" value="Movies"/>
            <param name="widget_target" value="videos"/>
	    <param name="widget_limit" value="25"/>
            <param name="sortby" value="dateadded"/>
            <param name="sortorder" value="descending"/>
            <param name="list_id" value="23011"/>
        </include>
        <include content="WidgetListBigPoster">
            <param name="content_path" value="special://profile/playlists/video/tonkapug-latest-netflix-tv-tvshows.xsp"/>
            <param name="widget_header" value="TV Shows"/>
            <param name="widget_target" value="videos"/>
	    <param name="widget_limit" value="25"/>
            <param name="sortby" value="dateadded"/>
            <param name="sortorder" value="descending"/>
            <param name="list_id" value="23012"/>
        </include>
    </include>
</includes>