<?xml version="1.0" encoding="UTF-8"?>
<includes>
    <include name="Custom1Widgets">
        <include content="WidgetListCategory">
            <param name="content_path" value="plugin://plugin.video.pov/?name=32474&amp;iconImage=because_you_watched.png&amp;mode=navigator.because_you_watched&amp;menu_type=movie"/>
            <param name="widget_header" value="Because You Watched..."/>
            <param name="widget_target" value="videos"/>
            <param name="list_id" value="23011"/>
        </include>
        <include content="WidgetListBigPoster">
            <param name="content_path" value="plugin://plugin.video.pov/?name=32476&amp;iconImage=player.png&amp;mode=build_movie_list&amp;action=in_progress_movies"/>
            <param name="widget_header" value="In Progress Movies"/>
            <param name="widget_target" value="videos"/>
            <param name="list_id" value="23012"/>
        </include>
        <include content="WidgetListBigPoster">
            <param name="content_path" value="plugin://plugin.video.pov/?name=32481&amp;iconImage=in_progress_tvshow.png&amp;mode=build_tvshow_list&amp;action=in_progress_tvshows"/>
            <param name="widget_header" value="In Progress TV Shows"/>
            <param name="widget_target" value="videos"/>
            <param name="list_id" value="23013"/>
        </include>
        <include content="WidgetListEpisodes">
            <param name="content_path" value="plugin://plugin.video.pov/?name=32482&amp;iconImage=player.png&amp;mode=build_in_progress_episode"/>
            <param name="widget_header" value="In Progress Episodes"/>
            <param name="widget_target" value="videos"/>
            <param name="list_id" value="23014"/>
        </include>
        <include content="WidgetListEpisodes">
            <param name="content_path" value="plugin://plugin.video.pov/?name=32483&amp;iconImage=next_episodes.png&amp;mode=build_next_episode"/>
            <param name="widget_header" value="Next Episodes"/>
            <param name="widget_target" value="videos"/>
            <param name="list_id" value="23015"/>
        </include>
        <include content="WidgetListCategory">
            <param name="content_path" value="plugin://plugin.video.pov/?name=32474&amp;iconImage=because_you_watched.png&amp;mode=navigator.because_you_watched&amp;menu_type=tvshow"/>
            <param name="widget_header" value="Because You Watched..."/>
            <param name="widget_target" value="videos"/>
            <param name="list_id" value="23016"/>
        </include>
    </include>
</includes>